Y1 ,Y2 ,Y3 ,Y4 ,Y5
-4.460189794254319 , 0.07848480515781042 , 0.8386192148866269 , 0.026631278978992173 , 0.10109909768214898
-3.955785941503731 , 0.8758651561647467 , 0.9177936509123561 , 0.025353840795470803 , -0.04469840742481451
-4.06424749251238 , 0.7066517765827196 , 0.8701858386631867 , 0.027152067003505 , -0.022604741215312422
-4.204657602006178 , 0.17658500027220667 , 0.8272290020228825 , -0.034940574277953156 , 0.08001836912451343
-4.460111880671783 , -0.11737394053128362 , 0.6880314792264298 , -0.04898216291730547 , 0.055483719183161286
-4.405134977938326 , -0.07627937747306447 , 0.6402494064380496 , -0.06623247472930756 , 0.07219660653221498
-4.316396437113079 , -0.170850320798471 , 0.7086642020811075 , -0.07787666380623695 , 0.07181313797108238
-4.357532354309068 , -0.30981445750551456 , 0.5894370825334345 , -0.12867322282547472 , -0.022791473233761517
-3.992079673017973 , 0.4164179981825276 , 0.67426846688113 , -0.11210528271727263 , 0.03001336808397852
-4.366777926641395 , -0.2862897242049113 , 0.55500157658207 , -0.14059895527297653 , -0.01146841020289786
-3.9348130326624378 , 0.4707360483065725 , 0.6275679556403064 , -0.13491852677902347 , 0.020052145708378096
-3.7079371835830934 , 0.20368301476591916 , 0.6988827281477153 , 0.05582237380169653 , 0.03647496358424846
-3.6972564621637054 , 0.8388941036766119 , 0.6381972019586757 , -0.14257679340356572 , -0.046441563977174284
-3.7789132200710296 , 0.5433248964514978 , 0.6226727755977652 , -0.1531322346860086 , -0.0038611404230538045
-3.509819488737515 , 1.1017672555439488 , 0.6252861600752601 , -0.15551918965537517 , -0.07877530124231018
-4.118790139331462 , -0.07398482560365172 , 0.4126791440299173 , -0.2276837944979587 , 0.10673513356538612
-2.645395526245598 , 2.229956870383752 , 0.7983539175901677 , -0.11819642145836794 , -0.05693142389431741
-4.06753199517309 , -0.27363492603697753 , 0.376491338542895 , -0.22769423684691856 , 0.0682877312766377
-3.3422552464382123 , 0.8443037957378408 , 0.5763154230708882 , -0.1539830595381595 , -0.051281322980121
-3.1619341766313105 , 1.4262237830064137 , 0.5901875710704475 , -0.19826157513752238 , -0.1316942603577042
-3.503978339680317 , 0.20475980324806317 , 0.5018095198579058 , -0.0407369470603674 , 0.027145338762834762
-3.4931065065954066 , -0.8114170870112813 , 0.5329291870251593 , 0.33177390348298413 , -0.027124135406652403
-2.62370328754822 , 2.4377363822781284 , 0.665025693907943 , -0.18557463501963772 , -0.04621439399529087
-4.015235608145777 , -0.35201534270136214 , 0.2766989450067581 , -0.28089621644858265 , 0.042946914753909396
-3.9928547881129726 , -0.35096203743891385 , 0.2828204643094922 , -0.27609445262825916 , 0.051238788869507786
-2.9137299982702625 , 1.0216990585983763 , 0.5819211419758903 , -0.018600773463267814 , -0.1288347871094275
-3.0553557476708075 , 1.5561409164736177 , 0.4376079281679254 , -0.2616955818531977 , -0.14906522217033363
-3.864329253776076 , -0.0364828200736569 , 0.23576760307587202 , -0.323369825956818 , 0.09482335820913221
-3.8755292565770034 , -0.35743816947867924 , 0.25538111584994944 , -0.25439139720295234 , 0.07393744823787361
-3.140959644979574 , 1.250908243270979 , 0.41204724977340457 , -0.2827898913612251 , -0.1226110855536817
-3.7288277469807842 , -0.536245344178124 , 0.28869038108303047 , -0.09805655294315477 , 0.039313780647826535
-2.9211774051636876 , 1.7027366058512707 , 0.41990509872999937 , -0.2873851441545938 , -0.13888854823785327
-3.6984162728248666 , -0.2816904681925713 , 0.24322357214404183 , -0.18650941079130157 , 0.11289810835748135
-2.7520492614284127 , 0.9558331349044921 , 0.5263628715971532 , 0.00303311132906659 , -0.12174623050139599
-2.224584581433468 , 2.730484456030883 , 0.6248823099555978 , -0.2542478740970196 , 0.07509500516165975
-1.996577398303849 , 2.93179981272839 , 0.676623376409876 , -0.20664596874390723 , 0.18421798352286017
-3.2981308116384525 , -0.14988688842035103 , 0.32772282889611676 , -0.025132160171017538 , 0.07514191961839158
-3.616114282063624 , -0.6964372553241929 , 0.22105588273362975 , -0.06927253961509099 , -0.03805014265089932
-3.980747855884246 , -0.37842530089581833 , 0.054929946670213205 , -0.3972981226015723 , 0.02418648527311825
-1.5720104838765145 , 2.778218396841923 , 0.7310561342497822 , 0.06778269110066686 , 0.09082164201590741
-3.1497091402518698 , 0.5292903891961126 , 0.24567784672719817 , -0.2227378688495427 , -0.0316764812390752
-3.8572495562576847 , -0.42016965369619896 , 0.027156873569185277 , -0.40766236879968637 , 0.040093063136649225
-3.5745925496916007 , -0.07096287706524206 , 0.09086778072384431 , -0.3729811704380876 , 0.09982483188684332
-2.243823843341498 , 1.437573797252219 , 0.48708769236405136 , 0.024700988106611997 , -0.14229613333615984
-3.578565176269083 , -0.39931533046082085 , 0.05066344643410918 , -0.25893664193929755 , 0.09661913482532965
-3.3580825226641737 , -0.7761293058189163 , 0.12438919377353225 , 0.003382141747334644 , 0.009392189411389078
-3.3112851860956907 , 0.348415769077067 , 0.07168529010608461 , -0.42244333140433826 , 0.011122416077372639
-3.4587405054043705 , -0.4843795978498462 , 0.04235024167448606 , -0.22421175938490484 , 0.09028362701544854
-3.279963195202917 , -0.2569857938444488 , 0.09526717735436341 , -0.19122597910577152 , 0.10204510235607325
-3.0034187690699565 , -0.132447150080882 , 0.15275098419196417 , -0.047167003025043897 , 0.050791960499370126
-2.5489499370908697 , 0.37533994307877105 , 0.27916499467077466 , 0.0852309902952476 , -0.045686866224996125
-2.724262991426741 , -0.3964707349451857 , 0.16048719513054868 , 0.18301486263957983 , 0.0759606714307696
-2.081519550031695 , 1.8934267141806802 , 0.30200226385053897 , -0.20340414651535926 , -0.07421669547030667
-3.101821758308533 , -0.8193815154265812 , 0.0271320628437574 , 0.04516118563274469 , 0.055832765224254614
-2.512538381706689 , -1.0487113675693147 , 0.24376921547555205 , 0.4243396628192356 , 0.09529226357639636
-1.9724909401734567 , 0.3982875426009643 , 0.341943769776494 , 0.33901064834052796 , -0.08259598642987903
-2.0273082476081714 , 1.2977535431960414 , 0.2349242809368694 , -0.041908195799539506 , -0.14203363729465557
-1.5842799451736886 , 1.802467206415351 , 0.36385408214174464 , 0.09230015064613022 , -0.04641981079834048
-3.334413936360497 , -0.6257632507719748 , -0.1696756174148158 , -0.3272870992682359 , 0.06105979343184871
-1.2971746122229308 , 2.450017503984142 , 0.42261286319807395 , 0.020572367408815028 , 0.15532859246913097
-2.4252357824659905 , 0.44819464691605376 , 0.07888821169942692 , -0.07623153541157572 , -0.060715012592815434
-2.218733316626267 , 1.530541217360578 , 0.0719492832844585 , -0.3274521688667156 , -0.12832517144295708
-1.8132148314022267 , 2.4167232461733645 , 0.15842152697228207 , -0.40700296652010537 , 0.039527198253030124
-2.1676831246944412 , 0.807784592365159 , 0.053054444684688805 , -0.10855132864142708 , -0.13003783611550362
-2.0910276017102785 , -1.1962359319042888 , 0.2281379592530348 , 0.5090367093691807 , 0.10828323905589442
-2.0280226896532354 , 1.4379964087719235 , 0.07307271699475615 , -0.25218559780707567 , -0.1303440163648135
-1.2637016633011995 , 2.466264360439652 , 0.2918414473517707 , -0.06592573364673276 , 0.16284512843908205
-1.6848725068799961 , 0.8489852281289376 , 0.19315467964876365 , 0.19625674396458517 , -0.1509821633501194
-2.3787835067478125 , 0.1170396282849888 , -0.031236560015883538 , -0.021645180620755402 , -0.030431326547920533
-2.7835685084983792 , -0.778121385519233 , -0.1417574509998058 , 0.022538204829697237 , 0.11192075526998126
-2.7409193333923967 , 0.4002984679070036 , -0.18323331766374343 , -0.4029815164019417 , -0.03183975009112474
-1.5957310492011103 , 2.3587701244965418 , 0.1095857442776986 , -0.32433843548990615 , 0.06595366200402154
-2.6002264674738242 , 0.38628044636182873 , -0.16126361770689188 , -0.3582465659720597 , -0.03682319504188991
-2.1813748921397162 , -0.7203708275885404 , 0.016303207154728112 , 0.2813267370987561 , 0.08106785902788466
-2.3681447067399355 , 0.8778642055418484 , -0.17831605101826653 , -0.41491771991275467 , -0.10886168371151483
-2.39299618953033 , -0.8770595927277464 , -0.1084225787719625 , 0.1732473211655322 , 0.1163331879982917
-0.997525597872263 , 2.0914600886682284 , 0.2220521325442177 , 0.11536974458700236 , 0.08416507129645374
-1.5473292415458444 , 0.15380357771546307 , 0.11027768638203479 , 0.2984155735335806 , -0.07679582535730382
-2.3195606058216693 , -0.64001128473226 , -0.1664708831913498 , 0.1018148515828576 , 0.08612078622315089
-1.213196132149295 , 1.5795504686475375 , 0.11962269435712473 , 0.11816101635144273 , -0.04747100257457736
-1.724066392768743 , 1.207257557306205 , -0.03771743710207076 , -0.13849033362134636 , -0.13021675536618602
-2.1641861010762558 , -0.5507304760155168 , -0.12792829321035581 , 0.14565334379890735 , 0.05313896028106039
0.1665049270806515 , 1.8872310491310509 , 0.7050313276250254 , 0.6850916514771213 , -0.007744453754039569
-0.791851304895339 , 2.344583200610802 , 0.21987586803309167 , 0.11502133317576123 , 0.1626174168191212
-2.8396948702926355 , -0.44461908385510773 , -0.3828221349602769 , -0.37660742253143326 , 0.09540588955215724
-1.5578979424182802 , 0.8697800865112619 , -0.007486999672518536 , 0.0772026357530708 , -0.13835055778703206
-1.4915290984450884 , -1.0684109418156666 , 0.21538892353733827 , 0.5587056455652578 , 0.05276234259935103
-1.8035416723432747 , 0.24288293508395442 , -0.06825690710968961 , 0.1131066737565405 , -0.06462113891866592
-1.4334790042444838 , 0.9427069588110919 , 0.02325103627382338 , 0.11566598875344604 , -0.14067969528669166
-2.2285741396299814 , -0.04675776128918116 , -0.23018059984110928 , -0.07567970590958199 , -0.028448195392704483
-2.303971073439996 , -0.9399314176198825 , -0.2027772728890667 , 0.1402774302690699 , 0.11478858872847944
-2.0919726790526436 , -0.06814800865985457 , -0.19210197212903352 , 0.019654221451746702 , -0.029457764896160723
-2.2169564832283934 , -0.6374848725268579 , -0.19912596282331088 , 0.094517012160074 , 0.08176594618359564
-2.2568855652699247 , -0.37837259291357256 , -0.23942123599885914 , 0.005375153460096291 , 0.043198076303462285
-1.7227493143676413 , 1.1829134364070482 , -0.10668570410698669 , -0.20362444661150628 , -0.13916570693790278
-1.9848802665514367 , -0.8975141996912958 , -0.09857475636781042 , 0.27482488583381665 , 0.09246981650662556
-1.9164638584862372 , -1.5644758019422063 , 0.005068739429826794 , 0.42308165274841314 , 0.02456887267575509
-0.2443259058172364 , 2.1754319027739157 , 0.35317693350523155 , 0.36882606141891766 , 0.010991426814819284
-0.3139583475284495 , -0.11348278212164889 , 0.6107412950445579 , 0.6074110339030117 , -0.14840690484945174
-1.9268340334555218 , -0.026077513999847337 , -0.26423226786343923 , 0.0034652184137023197 , -0.035241155562419336
-0.8909566446898219 , 1.033611820315883 , 0.10293668177740445 , 0.264172037938855 , -0.09794244102842632
-1.6995050271582293 , 0.7378879703105214 , -0.218899212400964 , -0.10076828097191717 , -0.12123270140331886
-1.0775621049143658 , -0.16566279275280713 , 0.14406823538261182 , 0.44101991339350655 , -0.0764645416534756
-0.7991736654268056 , 0.4769735532989878 , 0.19344516369169923 , 0.42360956977364 , -0.1432123311455315
-2.121882516747922 , -0.8790883619275911 , -0.28019208507055593 , 0.10697273778771112 , 0.09307390232581748
-1.857601618874636 , -0.4803805758121464 , -0.2106525789722575 , 0.1353854868939653 , 0.026215434674498876
-1.1156717184617322 , 0.948773090675565 , -0.023851666707958866 , 0.1511291430067723 , -0.12487540597608546
-1.939687785420141 , -1.390477333357449 , -0.19681864948704897 , 0.28819933281084953 , 0.07834765170232617
-1.847898595153381 , -0.6012717778910328 , -0.2480123896983462 , 0.13283727453287925 , 0.03961196998148192
-0.4212196568426864 , 2.2647192992276923 , 0.11198303348957146 , 0.1488203695175042 , 0.06625515974456149
-0.6748437095615568 , 1.7144596179789802 , 0.01948657914004051 , 0.12760228204193808 , 0.013928031023587199
-0.7199837796996453 , -1.2824779957533197 , 0.44929060241837554 , 0.48761345296415076 , 0.010956888010193561
-1.053438759106139 , 2.8059474748835664 , -0.19570209295393778 , -0.5145377364263792 , -0.019465332283599597
-2.1634815707506183 , -1.2610932492927627 , -0.4056605962019652 , 0.07580763916156698 , 0.06692673905599412
-1.9015054056483047 , -0.7967465024240876 , -0.3557960489501956 , 0.08603428438061185 , 0.08299308911350822
-1.1189531326701778 , -0.24628075721078307 , -0.06480171112591122 , 0.3180807693177635 , -0.0557080205616976
-1.2982061382309904 , 0.6957556582827623 , -0.24841581784431846 , 0.006580826035441625 , -0.14544673371999522
-0.9581011424953283 , 2.744673440372368 , -0.2153883111164542 , -0.501114461734282 , -0.01054067375606486
-1.95089768768143 , -1.4383494029605097 , -0.3596851127023003 , 0.18617033448106632 , 0.04811559541372809
-1.8696089814174484 , -1.4759513690931831 , -0.3285993598650116 , 0.2262400668061753 , 0.05578883634509158
-1.677390835096196 , 1.4253624378969743 , -0.43785504839787176 , -0.5569619839447029 , -0.10710188747766124
-1.2786992313687817 , 0.8012267193511482 , -0.28827369285580323 , -0.04650916961705353 , -0.13854469299459035
-0.376722935799593 , 1.9324291027427662 , 0.013318261159078403 , 0.13877948449993122 , 0.14158113519966709
-0.6766209551611648 , 1.47438999261479 , -0.11140514640939046 , 0.08629523246975866 , -0.03242259257083822
-1.2124842900374935 , -1.215741834295664 , -0.06268299665812163 , 0.39415449656090706 , 0.07917003907026349
-0.41309200761918685 , 1.5453606096235872 , -0.01569082677348316 , 0.17923790897461345 , 0.01440901763290364
-0.5980381071052537 , 1.2104128673810706 , -0.06591923093813612 , 0.162759248165753 , -0.04432607007336828
-0.24651672705128808 , -0.5096570659152609 , 0.37719832781169277 , 0.4526752770519099 , -0.11608898343867413
-0.1778552729455967 , 1.9786899189103706 , 0.027541941820226255 , 0.1712386252867725 , 0.20670376962388745
-1.70927726224132 , 0.7658855222263727 , -0.5176360751559017 , -0.40342343434974987 , -0.10388082188667966
-1.4854076945179144 , -1.612419649245583 , -0.2436878554353255 , 0.3415667617913337 , 0.08181495956820199
-0.7847168952991405 , 2.634989703982753 , -0.27853873948269553 , -0.4576538064437095 , 0.007772726549220698
-0.6508454602380368 , 1.752609523367759 , -0.20427470064862793 , -0.040082491659632305 , 0.01765811910508725
-1.0163082299244872 , -0.5207020760338439 , -0.17011797020335978 , 0.28976906555458504 , -0.04282656831114645
-0.5738985301267562 , 0.7455637010598009 , -0.13833638703101217 , 0.22336931464360393 , -0.11366499338559678
-0.06513400637504646 , 1.2462012868149601 , 0.05918883556859904 , 0.3175534120336112 , -0.013398678313439749
-0.07600249918010081 , -2.1775412293421317 , 0.8515122250725355 , 0.19731004017131507 , 0.07620102971749397
-0.12555022488288978 , 1.4836066760115436 , -0.03549130667600095 , 0.24807799743966977 , 0.04838878000573895
-0.028355631967137515 , -0.2559138320811243 , 0.31265307287578564 , 0.41773388923858146 , -0.13954355886642164
-0.18383314801371708 , 0.31860034413875393 , 0.06340143764968775 , 0.39764143489515236 , -0.1367718766607283
-0.2375688322144059 , 1.2961630894661855 , -0.10027928597850537 , 0.2122614420778206 , -0.028482895690731928
-1.042026087808959 , 0.7189255264696174 , -0.40954905794015506 , -0.05424996749657959 , -0.13540741361540581
-1.0465332334681743 , -0.9627997816701505 , -0.23371519223799397 , 0.32416971992076143 , 0.029015499045578853
-1.3050544025867252 , -0.1304976478211957 , -0.45996144087323787 , 0.005781942036436602 , -0.033789602372400494
-1.323958974691979 , -0.814168155617333 , -0.4068646959611715 , 0.15739003864551288 , 0.02698372843970907
-0.34563535540046825 , 0.29826535824050526 , -0.07364066462604468 , 0.35023318421103805 , -0.13747037622418418
-1.0917062131200146 , -0.06972557960653195 , -0.3994122684256057 , 0.08495001124164885 , -0.06813959560306218
0.12590353979257862 , -0.30331326042495205 , 0.3462956730675437 , 0.37495093480154035 , -0.14222904501288955
-1.2460686926824294 , -0.3252525894807824 , -0.46503307154052564 , 0.05357957806212677 , -0.037251987469013884
-0.6666087088403432 , -0.9536943248174021 , -0.059141962817350804 , 0.33527846065376277 , -0.03622124501081474
-0.33462689217353037 , 0.5671124883060644 , -0.13196273336320458 , 0.2659453739381088 , -0.11450400183354478
-1.33124878126866 , -1.4536298361227766 , -0.3846253552782757 , 0.2548477522419921 , 0.12165424445614166
0.14049212208611075 , 0.9068946985599013 , 0.06035966787204778 , 0.37751245178299775 , -0.04312044901838216
0.4162335341447418 , 1.6452415094366937 , 0.0902588292837244 , 0.37809506757581357 , 0.18693911151618117
-0.9818467195920096 , -1.1850198859711787 , -0.242464449967144 , 0.3015139601824953 , 0.04963654060227212
-0.896186748914219 , 0.5623056253910763 , -0.4399723972739896 , -0.00826336329366573 , -0.13216776013754952
-0.6109380623493853 , 1.7380710053993271 , -0.4078797891972705 , -0.174113532743778 , 0.026335558206553072
-1.0753111580732568 , -1.4693310434366094 , -0.2776463674642059 , 0.2940578074173256 , 0.09832804794546804
-0.6192595837926076 , 1.456369954821899 , -0.400563643574242 , -0.1097018034822392 , -0.03482464059539605
-0.6987399343891049 , -1.4452943892277021 , -0.04430940933097074 , 0.3214065544008527 , 0.04746621818301077
-1.3351721777019079 , -1.4314717044391614 , -0.4399881201910224 , 0.20677270967878197 , 0.12199224308064271
0.1901938695890354 , 2.1186662288992144 , -0.12062566161628585 , 0.1367327247114353 , -0.0692970737184436
0.19097833742884968 , 1.4829004865528166 , -0.05108565253341517 , 0.2530685525781924 , 0.0951905524881911
-1.0251196180239215 , -1.1714096271417669 , -0.33790714222013435 , 0.26644869044994435 , 0.05402506495853045
-0.7816327159491759 , 0.09222185388226811 , -0.3816976823741655 , 0.12570016265207826 , -0.12256941024434603
-0.9570298758639234 , 1.2734276986572186 , -0.5648739908392458 , -0.278412567254724 , -0.07699775713332672
0.9866608502786066 , -0.8342281030339842 , 1.042117509343973 , 0.17576651224517684 , -0.16374281865463305
-0.2974030684262029 , 0.6431187666632809 , -0.218621539935618 , 0.20013708216295234 , -0.10427710609536417
-1.284929077476282 , -1.0247576727718688 , -0.5135460751166255 , 0.11577513711379377 , 0.059077140988701426
0.8035208140539707 , 1.706855138496745 , 0.1949135280723032 , 0.39258578050573356 , -0.07231582692835908
0.8572175034488767 , 1.3460346870825382 , 0.28821792938884283 , 0.40836912758092 , 0.1976368885608937
0.41162612071287424 , 1.9907320249011449 , -0.08897880593375322 , 0.2103345838486845 , -0.07468431116460177
-0.7867692224727306 , -1.9119062824095479 , -0.09717221157357712 , 0.25172110179499874 , 0.10702620890025177
-0.03885919171650089 , -1.5469649797062306 , 0.3558159141300579 , 0.2459894095873112 , -0.00603849067877255
1.2747348352411303 , 0.3153081976320546 , 0.853028449204034 , 0.2679894647023932 , -0.043801567377758574
-1.8502559440954982 , -1.0245311400758796 , -0.8287658239078713 , -0.20496281383705164 , 0.11972836406271606
-0.9785068579965721 , -0.3527651885879665 , -0.5042712182813837 , 0.07451091409375828 , -0.039523992651277276
0.5198911804950361 , 0.9311342935011474 , 0.12432589316579506 , 0.34633479380833654 , -0.010087676595576795
-0.5886390207520459 , -0.9117942612267937 , -0.22768621765368374 , 0.2736710865761997 , -0.03211136028181339
-0.7102655325769179 , -1.9855025284153307 , -0.06798262283620911 , 0.23373853954435259 , 0.10090599287289638
-0.42899346076240397 , 2.2256224021329856 , -0.5030791085855328 , -0.3335413402442598 , 0.21806079716321825
0.12858480375480655 , 1.5544183758688752 , -0.21140001744939768 , 0.15212952666423957 , 0.09989836147287004
0.7416135924831269 , -0.15588268699712102 , 0.5218464463198036 , 0.2878417732901608 , -0.13370212300581358
-0.3820047602643829 , 0.5609036649273064 , -0.3702941058327471 , 0.11657142069446283 , -0.1281790219716397
-0.40729314293018537 , -1.8069756743437744 , 0.07283285275532693 , 0.245841689388243 , 0.08825140769067058
0.13758981128016512 , -1.440135558372261 , 0.3844310049139735 , 0.2184527336436976 , -0.03901047770020682
-0.6267573246405256 , 0.33097552169183975 , -0.46941304176241894 , 0.0553774305282188 , -0.13269286509372083
0.049482322854044095 , -1.0382129331451735 , 0.19026858735059635 , 0.2717596087480988 , -0.05204066112977054
0.6360285433122441 , 0.02664391626745128 , 0.34156829129558114 , 0.3152344287965247 , -0.11312733337540869
0.5736814939673384 , 1.4336686029533443 , -0.017405155059858013 , 0.31691488671991075 , 0.14875032189606358
0.19088147978448403 , 0.30231259457952003 , -0.04126914889727476 , 0.2960688616862024 , -0.11539569019998462
0.49479392968659425 , 1.3756648899369577 , -0.06369773415160693 , 0.2931470209294861 , 0.1107799674187833
-0.5617150732304204 , 1.3177561209396418 , -0.5636633076394152 , -0.189000303518347 , -0.03529305365344294
-0.7157168292794447 , -0.4795714271880396 , -0.44896538827415816 , 0.14523042823514665 , -0.034243586130649185
-0.8673861798473349 , -1.5728385532427684 , -0.3686910310134031 , 0.21140710962616743 , 0.09636420228355234
0.40692855583228665 , 0.18461180762502352 , 0.0954039082972502 , 0.3096996850823597 , -0.1129155012113312
-0.16447787042993506 , 1.0925393013462363 , -0.392779642305768 , 0.06707831282057286 , -0.04277191720547416
0.2546612609475026 , 1.8759964555504103 , -0.2789395922059671 , 0.06769599802764803 , 0.1360436010137417
-0.7231711518216798 , -1.6866845216701816 , -0.2776871331576189 , 0.2263597131826542 , 0.08809209893635736
0.08982162002579154 , 1.6256477054352805 , -0.34172116265644126 , 0.04016034155713365 , 0.1102795192480687
-0.4201907714322304 , 0.2516850138327928 , -0.43794252320792926 , 0.10194475473131424 , -0.14342590407316572
-0.8366973928928556 , -0.8398962854263179 , -0.5196346985362102 , 0.14402337084062322 , -0.007506753703468644
-0.00478688839355079 , 1.9691350949142774 , -0.43944443260794724 , -0.1001489919983635 , 0.21371378067897442
0.6172684581974274 , 0.5205433142882406 , 0.09855649700115558 , 0.29750903171290477 , -0.05189759984963297
-0.08596874027294221 , 2.269117959215718 , -0.5144996369344128 , -0.23041997765571812 , 0.011025545417995452
-0.6276440588108219 , 1.2959129977577468 , -0.6703434576324244 , -0.27506631915688984 , -0.04940853018734723
-0.23475817965532406 , 0.5480992966936733 , -0.4297398191639898 , 0.08946326484335088 , -0.11490216717248249
0.4290206512429581 , -0.21636281953936176 , 0.1013935506023005 , 0.2464590905397633 , -0.1448965578573861
-0.18636947423235037 , 2.260450284587056 , -0.588250457168296 , -0.3178214797676081 , 0.08232013777264859
-0.4629766403663485 , 0.8811307361315266 , -0.5941056565387635 , -0.10452018836119592 , -0.0949044353797893
-0.4300814488519003 , -2.4397806996097784 , 0.03808527219834999 , 0.12795340808492595 , -0.011073927636942229
-0.5674433799884208 , -0.4091931827832043 , -0.5197500326923683 , 0.11834635549222647 , -0.06312971432529693
0.7834604926466868 , 0.8911738742768455 , 0.06226719795225894 , 0.3000600141246651 , 0.013471736289709801
-0.23180325009585995 , 0.5388290216466428 , -0.4838793899191198 , 0.061684519895668886 , -0.12009240334153445
-0.5345609785777342 , -1.371322616388924 , -0.3416926237347503 , 0.19283093952459768 , 0.04701907821595818
0.10475973158306964 , -0.4146207057960424 , -0.12388017349256855 , 0.23708606142013017 , -0.11292599841039454
-0.20293962886700478 , 2.2483237487076044 , -0.6317651233863236 , -0.3625052502923666 , 0.10934905915157965
-0.28290488697491756 , -1.2727330068550835 , -0.22327035037259105 , 0.1823876652116302 , -0.0019367406358596871
-0.4386600978317397 , -1.6298102827696088 , -0.24285481633557496 , 0.16159910372305714 , 0.08130056108690195
0.6315357610077827 , 0.8562048421759703 , -0.08051684853397867 , 0.24057471005329834 , -0.013520770589441988
-0.5310130440021861 , -2.213756778095781 , -0.1968224279859453 , 0.1385193254532504 , 0.06395131650248137
-0.5531887211365502 , -0.3044043431600686 , -0.596869898474316 , 0.05973570018775363 , -0.0682887756099309
0.16513162965017053 , 1.0392637085511693 , -0.4017260465941746 , 0.08442542294658507 , -0.029376160284291384
0.714010614733171 , -0.38235701947911743 , 0.24830976667284724 , 0.18750221839591866 , -0.14752465663112138
-0.2645858633361493 , -1.9489314147434333 , -0.07242395848392005 , 0.1389184772477507 , 0.09691713365869113
-0.003273620019121162 , -0.07591197189309085 , -0.3411877649950097 , 0.19414034247222411 , -0.13957152711539034
-0.6953741544028843 , -2.021837262761247 , -0.37698083465383153 , 0.1369364742174482 , 0.08489874915934723
0.0006583262389932913 , -0.6333502179424111 , -0.237955121352727 , 0.19906312463526718 , -0.06668675829968992
-0.198445270199897 , -0.6390478995862777 , -0.37159774287547487 , 0.17175689334024696 , -0.06307459951012034
0.977003758481771 , 1.5374218549774097 , -0.06331878063871338 , 0.25314094255317693 , 0.034856248022868457
0.1867177120964234 , -1.0119667258103298 , -0.04144022140406601 , 0.16765634794384984 , -0.05897395728724261
-0.3883035864726376 , -0.7469252677911601 , -0.4995960169874994 , 0.1488282363660221 , -0.03355143400209531
0.7104024439709247 , 1.4816154386706184 , -0.23371375500168184 , 0.20300509770764955 , 0.19217250896494456
0.3297028564654233 , 0.699337657476836 , -0.3626238704696356 , 0.1693410574608351 , -0.05247569441350229
0.369483625848906 , 0.5138834929321736 , -0.31657815475992995 , 0.1852419817112885 , -0.0827080427693062
-0.06744159425947437 , -2.437913935328884 , 0.10982282849638303 , 0.014452327111143326 , 0.07960950336417681
0.37370739916668017 , -1.325761000519858 , 0.12542437683837038 , 0.09701901027384637 , -0.05194104168197357
0.9819973725253145 , -0.48764837361421876 , 0.36801808012719456 , 0.1036180917729445 , -0.153606861176544
0.6542289248715017 , 0.819216804962608 , -0.20954646288485476 , 0.20007934755982393 , -0.020560287610685273
-0.6330132741515726 , -1.7098684865411025 , -0.5225976397376766 , 0.11853406849458682 , 0.0923043866250656
0.392622942454785 , -0.1915898877221691 , -0.16295718603993434 , 0.17778766903352622 , -0.13992633990455366
-0.09458476026049446 , -0.6255636876572656 , -0.39551885316200436 , 0.13056165863442154 , -0.07053762883933686
0.9029409408454905 , -0.406434624908345 , 0.26686403299177003 , 0.12781166570122005 , -0.1417445017387984
0.2852026752301273 , -0.4700962423015857 , -0.1790393865062154 , 0.1530527321472779 , -0.11306101996069862
-0.03799405055892003 , 0.1962023414616527 , -0.5324319282425554 , 0.10559035760134869 , -0.12569391837812677
0.5729850342284702 , 1.2905109170332836 , -0.370667348306523 , 0.14593694710560187 , 0.0862602147566005
1.1133118132029314 , 1.379833332037856 , -0.05814047930258063 , 0.23424578544727265 , 0.10418022383660286
-0.324031229705939 , -2.1887202332419196 , -0.2191630049852999 , 0.0787450028080272 , 0.10293200867871871
0.4363082424595444 , 1.9363229027990756 , -0.5219332176756656 , -0.06950051805469315 , 0.038463253868243494
0.06974233286710124 , -0.6774891212616979 , -0.33205376646653356 , 0.14426391712226375 , -0.0668107699982104
-0.551192497797963 , -1.7477494294105202 , -0.5130248679664193 , 0.10262439612692179 , 0.09121292792150941
-0.6700744977892974 , -1.5654101373186053 , -0.6266385504722823 , 0.08096348902921549 , 0.10268851852057818
0.6126194763812611 , -1.0814164767927952 , 0.17479626615682145 , 0.0707244081974463 , -0.08144057259498706
0.9397559316077023 , 1.341154565016597 , -0.18829443391478856 , 0.1963221163089049 , 0.1874243437238852
0.134854398266397 , 0.9511489067269027 , -0.5864188705369051 , -0.011848645020608391 , -0.0407072981813073
1.4443151292109706 , 1.1060197626833514 , 0.1945391333301829 , 0.20800602970445856 , 0.14015199848922053
1.021647166786806 , 0.08557354885946246 , 0.13989709533726719 , 0.1457468218774669 , -0.08755723189629766
0.8672740792022882 , 1.492366639108973 , -0.28663431054979704 , 0.16502404266559506 , 0.16561668672816854
0.5576333651717991 , 1.5293268374920845 , -0.4623429624012773 , 0.03448201259116254 , 0.1613392563011177
0.6452455817470251 , -1.0635689525624994 , 0.1428248316399844 , 0.05793733093069865 , -0.07184159445781128
0.20784078694790845 , -0.9405225165561595 , -0.21909419497480692 , 0.10278072020527736 , -0.05814157232511155
0.4067403455968372 , 0.4015486561996529 , -0.3926470150054198 , 0.1368056483200881 , -0.08947829153028734
0.3163943671592901 , -2.8771667509721475 , 0.3215943336197776 , 0.024157981172218918 , 0.003726651867327698
1.08996948759369 , 1.6316858342464902 , -0.2295638476738381 , 0.18072294790226 , -0.0729022648248087
0.9217391053394004 , -0.05522636398211143 , 0.0465883028021944 , 0.13573457555780144 , -0.10782109170017519
-0.10836882584894217 , -2.0623284057091187 , -0.18933566717630565 , 0.038912991971593765 , 0.08381279309518172
0.17127508820468126 , -1.3929879768044888 , -0.1609215717361307 , 0.0783687871527606 , -0.03374745166294746
-0.03501161327470435 , -1.5495936087958184 , -0.27478616804237843 , 0.0693676019392714 , 0.021854915331446578
0.21442426663704411 , -1.940552120873513 , 0.013665532902175622 , -0.004349551420698163 , 0.04601486003142095
0.5970768541467208 , 0.6621157111450031 , -0.36338862901313196 , 0.13441307376830067 , -0.04317673912791706
0.33569504403226036 , 2.103874401787036 , -0.6846871787859337 , -0.23374114497735216 , -0.02542830976275496
0.5517307582889482 , 1.9681298528449842 , -0.5844113013993041 , -0.10069386818674947 , -0.03439620588463312
0.7638233565151723 , -1.3632979590421994 , 0.2731532759035908 , -0.04225363890240111 , -0.06507627085630745
0.4577168641947429 , -1.9238498236624375 , 0.18622238137104735 , -0.06676381475443156 , 0.02268979588132047
0.35356714800981753 , 2.1401914092018814 , -0.7043321796921894 , -0.2441498002671146 , -0.0620322067294475
0.49527152272049124 , 0.6028940347944688 , -0.44763444742631786 , 0.11152519088906346 , -0.06297882773748753
0.4978508772408423 , -2.3627603119621696 , 0.3443581632222939 , -0.1549565871031101 , 0.08382651751562605
0.33010933128416914 , -1.946898345300429 , 0.06951185749138927 , -0.034700801942010744 , 0.03697120964429455
0.4505433069133418 , -1.7582729527023695 , 0.10391719671174779 , -0.03137950312982022 , 0.001251726740101322
0.465476556951275 , 0.10265317688212659 , -0.37521622800344057 , 0.1144328777658456 , -0.11732306382962666
-0.08671165240524623 , 0.6112296562395622 , -0.7708792335687534 , -0.09756390325532019 , -0.09618892763511976
-0.06311523558153412 , -2.504726469184604 , -0.08952471743245974 , -0.04360292567255395 , 0.05516099528382047
1.2549580012221433 , 1.5333789508546982 , -0.16011595781450752 , 0.16124431095077538 , -0.07881393108760748
0.46556352857884575 , 0.8683850160213857 , -0.5324703797222223 , 0.08023593489026651 , -0.02919478471230454
1.7037246156386063 , 0.9528214450553771 , 0.29176279868071275 , 0.12012128816818624 , 0.13365713241629593
1.51487469670176 , 1.1945420871548218 , 0.08188519806078208 , 0.15903905388331757 , 0.04878205903438388
0.20585816007616728 , -2.338807043671045 , 0.05136406417457334 , -0.08483595370280103 , 0.10029199160358702
-0.5293006176233681 , -2.2782797287520977 , -0.5399921772090797 , 0.0020498775969247252 , 0.007548453119540265
-0.01558280491146588 , 0.9394108068028395 , -0.8012258504336235 , -0.17799083173747213 , -0.05907475259537637
0.4400275205569186 , -0.6999389532216724 , -0.24412006396933839 , 0.07141464659346669 , -0.11177942130137322
0.874956795593304 , 0.5051504285637096 , -0.23513975394601275 , 0.12595808680445708 , -0.04195952796573486
0.9186293622150716 , 1.4784819017068203 , -0.41482230679408516 , 0.11102098113507941 , 0.17462906789930796
2.270834809631843 , 0.6621244056552784 , 0.7905294030225967 , -0.011968220613561705 , 0.03415771305121791
1.0682717152792347 , 1.5653089127054058 , -0.3394856329523157 , 0.1284001309482073 , 0.014156365933832364
1.5767328953958197 , 1.3281508706318563 , 0.05462289562272708 , 0.15039447705342263 , -0.09213613789104903
1.055686466717966 , 1.476038350110954 , -0.3369445595874114 , 0.13334422669868795 , 0.09676521375553025
-0.3206904866409369 , -0.3858008393166169 , -0.8133975869156049 , -0.050229554056728985 , -0.05936510656376934
0.7667548383549128 , 0.6369755892938046 , -0.3498951330917224 , 0.10058923806424631 , -0.03432252399857794
1.8946009708322198 , 0.8229494683492605 , 0.4316221127501143 , 0.05611801271772217 , 0.1329264256015498
1.233850803397437 , 0.2727767772697451 , 0.0599632977902838 , 0.09302511909545515 , -0.04760766311332637
-1.0436389341804424 , -0.6474381283543723 , -1.1412608642969668 , -0.3246897654372418 , 0.02097751377643744
0.40504512190049213 , -2.641764436598984 , 0.24816096016701134 , -0.17350073425699727 , 0.09506791159145497
1.6861474969251677 , 0.5003164631317594 , 0.34870012267127487 , 0.05080511535208284 , 0.06558690881300588
1.6384192943851215 , 0.38953352142160735 , 0.3432423246410338 , 0.0411904975631572 , 0.015575852191979362
1.5942886502614404 , -0.5253447992763663 , 0.5767797682485242 , -0.09824770478449832 , -0.11933192631885947
0.3550021197700523 , -2.728571860229489 , 0.22541873120916228 , -0.19024377052186336 , 0.07100490266889654
0.4910085607374233 , 0.5794418191378161 , -0.5446553786047209 , 0.0648995544525808 , -0.059159114172968215
0.09877491379324332 , -1.3509499105157607 , -0.38507298448336835 , 0.02931313784370671 , -0.025990305947209556
0.11136314768923496 , -1.1293457991581388 , -0.4316162229288312 , 0.02731122689853158 , -0.03878331612694238
1.0656701694405064 , 0.07272075331323447 , -0.07009743808999129 , 0.08450497568041437 , -0.09110248341806736
2.452315410748192 , 0.40922029777239005 , 0.7389407254504914 , 0.29536442088646625 , 0.16061969303295953
1.5312037184805973 , -0.7375239886448149 , 0.5187658034226477 , -0.08172557908973771 , -0.15211256220877387
0.78184300052727 , -1.1232621914459882 , 0.031082896374142806 , -0.031484739919162785 , -0.07329051613460746
1.65240157411021 , 1.061047987169178 , 0.09705745245888832 , 0.1114664280580091 , 0.09620033472990382
2.3881736309555093 , 0.5632137840632638 , 0.7300613198683841 , 0.09926126326190234 , 0.06763237909341956
1.3480351811691917 , -1.4302230545964538 , 0.4172587888991344 , 0.11750475724971739 , -0.10841417687393644
0.060324180143750766 , -0.10395968853188935 , -0.7439391253264638 , 0.006605412850859242 , -0.12593127329395848
0.5547414108039378 , -2.779193492637748 , 0.1985681789836984 , 0.01802101681230469 , 0.08461745440437266
1.0404671742473048 , -0.5534931995172025 , 0.04710968080839484 , 0.00499718652158579 , -0.1493111998993816
1.2608838527641144 , -1.2007849151153904 , 0.4235238387013245 , -0.1411468193667628 , -0.13484468343450942
1.4997137420153936 , 0.842908392938325 , -0.00017643343241863585 , 0.09937518194695719 , 0.12661487052014628
1.6693499673312753 , 0.46415872614834214 , 0.2412490723025344 , 0.025841073213794447 , 0.05188978502911586
0.5440774860082391 , 1.0661733855481899 , -0.6672709614009174 , -0.04101367898703316 , 0.0071411148389380254
1.133340669263377 , -1.6826163050074812 , 0.3457809665429553 , -0.014149351033010061 , -0.0603470911596351
0.8186357728891849 , 1.7417242977590326 , -0.624735911968667 , -0.06103870327632373 , 0.03554095274618324
0.18314064771299782 , -2.5048488024054367 , -0.10860945107135847 , -0.14308106876941534 , 0.0905339775654415
1.6130559452317126 , -0.04863921681678451 , 0.31964323107543857 , -0.05771691305651057 , -0.05442066637698362
1.0672381909443982 , 1.4896943166541752 , -0.4774327363990836 , 0.06455100994008196 , 0.10391965064959753
0.6320322052463427 , -0.8093998499085379 , -0.26366816056410874 , 0.013596562924753372 , -0.11296713380217764
1.0155382472178247 , -1.9314521521885473 , 0.28374224427144984 , -0.033437263304717545 , -0.03991487664272609
1.1786897887721413 , 1.3871533656557569 , -0.39106536818890625 , 0.08163905332941047 , 0.12380641081134462
0.487968835012425 , -2.7819006974405447 , 0.1415233889449177 , -0.13081255069114078 , 0.07726704386542958
-0.1535917145319599 , -1.8263280092795915 , -0.5716733981793193 , -0.04411244671772212 , 0.09998239001184588
0.4120399143771043 , -2.8254507692600614 , 0.12882607613071298 , -0.19332335701280215 , 0.04279318152263614
1.9163749554505987 , -0.4540476093077901 , 0.5208328883098429 , 0.10082471540334777 , -0.08855232694280248
1.945339110011054 , 0.8429563227262881 , 0.29490270287202697 , 0.016215428484380467 , 0.1138122144852902
2.2291635164675037 , 0.7284630815456793 , 0.5710015361347518 , -0.0802301054594723 , 0.03422372752643596
1.699544159581227 , 1.0706357897624321 , 0.019830985212164903 , 0.08239266945597368 , 0.07809648932585336
2.0037824715683037 , 0.6487920879199611 , 0.39048204219064736 , -0.030627688627550276 , 0.1757573501607999
1.5014921515209563 , -0.2889466173123763 , 0.2617044074374754 , -0.08246302857078733 , -0.10155080574467235
0.7191846990224499 , -0.4778418608912313 , -0.30416939906218443 , 0.013035945080290602 , -0.13755296444560755
0.9862415357131284 , 0.7476357942092502 , -0.41358663687564234 , 0.0727797339767513 , -0.006224845566369477
1.4797310891663014 , -0.6553859713864985 , 0.35321945145159483 , -0.14787913814737022 , -0.14109167870934847
1.9614747519996947 , 0.734773382513805 , 0.3211960099338964 , -0.005117540451544085 , 0.19595404600897476
0.5313980712009089 , -0.513066452476906 , -0.4396355706092899 , 0.004111663578225156 , -0.11437281266587652
1.471616134685669 , -1.0671642619107369 , 0.3913709730100642 , -0.07102469067736905 , -0.14501235174364113
2.2586521789633363 , 0.531795747915561 , 0.6411455125143848 , -0.14162673233565956 , 0.1807969074183111
-0.14809345835489782 , 0.11657718587999315 , -0.9809126434721458 , -0.18297077812465756 , -0.12779240601794584
0.26911625798868655 , -1.824747494890421 , -0.31437359976815715 , -0.0741583859863643 , 0.04431681356729025
1.0271780581725622 , -1.463704783417971 , 0.1974693457159186 , -0.19172162885210578 , -0.06838569833317056
0.3967959913035761 , -2.8432299652496935 , 0.08347154241677841 , -0.2598504822669152 , 0.025520403969580278
1.6199601463669744 , 1.132850801623786 , -0.10068152551295725 , 0.0670388904166136 , 0.08274786000486356
2.346172847504122 , 0.47414491515517143 , 0.6189797437973474 , -0.037811458579809575 , 0.18748260624555535
1.9456240808468634 , -0.06380771085387671 , 0.5148083924867864 , -0.18052354258130274 , -0.05263269575690919
1.4404292477754355 , -1.251555271207722 , 0.336086077476788 , -0.04016012483140354 , -0.1332379973831022
0.04227607643664728 , -2.570311447287784 , -0.3100774795187174 , -0.14601087798676332 , 0.041971088018330244
0.38332244983868147 , -2.1654878569115215 , -0.1555680386699366 , -0.14658972160479888 , 0.08312137173830342
0.4745317188719907 , 0.4308757997582055 , -0.7352451187794842 , -0.017647864457106328 , -0.08134808468253564
1.2188157774031605 , 1.5844424216141448 , -0.5109891074313332 , 0.03958178540617798 , -0.04568431915456884
1.2746083035862639 , -1.281252011526906 , 0.30417931581076996 , -0.23555704329178115 , -0.12787799139241715
0.6694249073174493 , 1.9488757743091276 , -0.8436367697577252 , -0.2427224598682663 , -0.029340897424563233
2.228774192033001 , 0.09775948400833148 , 0.5364121701961495 , 0.017341652976787147 , 0.04181505384662302
1.5036039228472824 , 0.9708588435144277 , -0.188005640214049 , 0.03576887145103367 , 0.1666256709606014
0.04658000925777383 , -1.509955550588346 , -0.6267943507312069 , -0.0661491567633843 , 0.0363967819192728
1.4363091878933667 , -1.2351678618900617 , 0.3125181384097255 , -0.09107985938823553 , -0.125621663914588
2.317833859301701 , 0.21189127422183335 , 0.549478159357312 , 0.039254697906736566 , 0.08128531262055606
2.2546251085675943 , 0.6672148951009663 , 0.4810257473674183 , -0.12354514061394953 , 0.09036540013119711
2.231540115426714 , 0.4420043043007312 , 0.5384329040269341 , -0.16775625799622002 , 0.146832853851057
0.7075142923825722 , -2.455727040543573 , 0.10140154818209351 , -0.21259453751032414 , 0.08775825825303193
2.0948229146538058 , 0.1264744259384869 , 0.5047940324468753 , -0.18885943783809214 , 0.016997746350562365
2.3258591194214957 , 0.4037764872949601 , 0.5590719513402614 , -0.08932671492330091 , 0.15600417404480046
1.2506068853003374 , -0.06012556282673338 , -0.15044430406046047 , -0.023557907032345494 , -0.08562306354805585
0.9435880824551776 , -2.250354004355819 , 0.13237460045204127 , -0.07988475882014572 , 0.026528352201159996
1.740717052028413 , -0.43062425419277045 , 0.36217305186279675 , -0.20895434271456495 , -0.10013508835157002
0.6986157897425147 , -2.6588812079700017 , 0.06319549285185709 , -0.11976996313682486 , 0.10697530990252627
0.3363707003269005 , -2.8839254614737664 , -0.061676829596875676 , -0.30035548799603934 , -0.048625187839830504
1.535597630798192 , 0.5137541389882507 , -0.11258903818375357 , -0.0020947247026008114 , 0.017550919399331066
2.3781128400804437 , 0.594425463011164 , 0.561724760588929 , -0.1767047754569646 , 0.08216686747524911
1.5307598380602327 , -0.45623600909586126 , 0.1740000661410143 , -0.15234685208801588 , -0.11817944086200559
1.271710037094593 , 1.4860157596165162 , -0.5337755646267328 , 0.01853690946223549 , 0.017782217065845454
1.1141677660084215 , -1.8849937218981867 , 0.16909153980209235 , -0.13076902713086555 , -0.042798789986315
2.50585327933354 , 0.6912064017566361 , 0.5731665623849747 , -0.09811597011116553 , -0.06841754064871985
1.6813307950977727 , 1.0112817231745528 , -0.14573892648674397 , 0.02719934061242028 , 0.16623430583205967
1.1520074220526966 , -1.9297687058736488 , 0.15983743168472392 , -0.06991017777615467 , -0.044682560464210416
2.197504958368018 , 0.7160176240346995 , 0.3410965486492807 , -0.10678810260672926 , 0.09749202623033519
1.4998409370868797 , 1.435336961285166 , -0.39801916096998147 , 0.046529557876289776 , -0.07222018836851436
1.681298628794111 , -0.8288780462992953 , 0.3200667368224424 , -0.13925192809079368 , -0.14870366469687613
0.9275497963796361 , 0.21621327949029961 , -0.5150476242185346 , -0.00818651513630978 , -0.08132830900570319
0.797175307619404 , -2.3967053633412605 , 0.07447839539211734 , -0.20315418651654044 , 0.07489713785144186
2.3452460904508285 , 0.07012418094608423 , 0.4828887657119418 , 0.08292141760355573 , 0.0573197251039509
1.2269642285268259 , 1.597990507729291 , -0.6110532387355545 , -0.013978488948763865 , -0.04368035211649082
1.065010076800766 , -1.419885007844073 , 0.04676666204727621 , -0.21823902165114337 , -0.07877808113626156
1.5378356741663046 , 1.1345580620898699 , -0.2967291936059209 , 0.012126652087325432 , 0.1541707490764865
2.500315365432027 , 0.6381002770587002 , 0.5473016712945779 , -0.10124940552966452 , -0.015705199793143
1.138487011383358 , 1.3783429571234527 , -0.6265852173713788 , -0.017199020680863375 , 0.19164478584590072
0.15610926016582388 , -2.324392508959794 , -0.4498134994311139 , -0.15815002023133914 , 0.12262646636295017
1.9296202414506287 , -0.38652730029059984 , 0.3708536713231767 , -0.15241975779229847 , -0.0850050959560111
0.38295689470712213 , -2.4643485425143394 , -0.22380023600619686 , -0.23682451800465742 , 0.11422459373157143
2.6898732728879575 , 0.6200954372309296 , 0.5500784068355811 , 0.1163334115515574 , -0.10115407864626039
1.3207265200622753 , 0.024157960709142303 , -0.20839727913692713 , -0.04683278189879787 , -0.06922608697947841
2.516829800662235 , 0.42637398651074904 , 0.5178837178287972 , 0.032904818327623694 , 0.1586513431958558
1.472803777748738 , 0.014676451358643577 , -0.09298217413161468 , -0.07004728051208411 , -0.060414286759547464
1.8456962224322822 , 1.0128879029440676 , -0.08271427947297826 , 0.0014963290644046333 , 0.075635230357171
1.1860827732226622 , -1.8711064899943046 , 0.1359862863054036 , -0.11405746113496075 , -0.04278320503154478
1.6891158697156572 , 1.0046273137424342 , -0.20296456119276798 , -0.002475283812661852 , 0.17824905103134894
0.9914843268170331 , 0.016484201468450962 , -0.4615794395684258 , -0.05072883029259043 , -0.0958772019182105
1.942108091370207 , -0.1405224429826578 , 0.3266273150239957 , -0.22376955824843742 , -0.05282433937502379
1.7106982733506813 , 0.22485767862071931 , 0.010455048603207645 , -0.08706593074846775 , -0.026226850038802922
2.6326178267439797 , 0.6482364263365096 , 0.5267036868049418 , 0.001178788078817885 , -0.0895849485313435
0.5058878986187066 , -0.6092387117214194 , -0.6767692953562384 , -0.0646295629037758 , -0.11385590421150227
1.4550561125957309 , 1.246516089355468 , -0.45264982997322273 , 0.01008817102675434 , 0.1225224876484935
2.188298578350854 , -0.09223636914168445 , 0.39891794281901166 , -0.07255440193180047 , -0.026033730249617602
1.968856510208714 , 0.9817730572192035 , -0.013737823970797975 , -0.03457182353330341 , 0.032842814059945505
2.0437137633756963 , -0.1620118168765025 , 0.3769015018489214 , -0.1998392043776734 , -0.05013073442425461
2.128272069223179 , 0.837384739684352 , 0.15112250152885087 , -0.08495182023370358 , 0.05557795051547968
1.6377424772950273 , 0.41073504591883375 , -0.1219620279489464 , -0.05197187788948489 , 0.010260476134038134
2.4938660332633154 , 0.6786901225139956 , 0.5004599721961386 , -0.205851933615528 , -0.03639255387085222
1.423260815124358 , -1.4372664259951513 , 0.1741568433581433 , -0.14695987589709927 , -0.09828462508207361
2.537145941786008 , 0.6266607053589498 , 0.4956152593010446 , -0.1280614081360243 , -0.014718750895026082
1.9963363508470926 , 1.014230879324459 , -0.02897320649893513 , -0.038720729055621406 , -0.006044147367287984
0.7409766477351749 , -2.7318283126370417 , -0.031797192465422494 , -0.155202556300279 , 0.10874732498661387
1.4265794061247334 , -1.2853075296595677 , 0.1772705043253943 , -0.25607182135550066 , -0.12119873620302898
1.7922741413536143 , 1.170263788089366 , -0.22844200961408404 , -0.015247526547807633 , -0.010606328423729975
1.1650038191848175 , 1.575095322232368 , -0.7433551657980034 , -0.05556925865647421 , 0.028632337303248344
1.1203846664084884 , -0.5368391095041812 , -0.28696062198326805 , -0.10176990865784173 , -0.13925448298986506
0.3096311609837025 , -2.7950146961497544 , -0.26723042467812436 , -0.29924543320921765 , -0.009181291181494996
1.8180482272280103 , 1.0327853746012814 , -0.18386133682986586 , -0.017475200010360955 , 0.08853961343255018
0.9960392725201734 , -2.0001230390400218 , 0.058587394785230194 , -0.3236288537573795 , -0.010195576431743377
0.9439311712346888 , -2.2713394499350192 , 0.022125848193419985 , -0.22140360284418487 , 0.038619295522776785
2.6728568951787612 , 0.42951520359480416 , 0.4738770859698067 , 0.1319870089209092 , 0.08302116131230704
1.7769174601545341 , 0.9905663397969596 , -0.21505839821193595 , -0.02155070597615111 , 0.15010822794736745
1.6227126433364338 , -1.1489992936627242 , 0.1895751529418782 , -0.1392907583526058 , -0.1423383408168076
1.91819967605362 , -0.6525653729589748 , 0.2708173861847609 , -0.1007152356043208 , -0.11249364722105318
2.625652226587133 , 0.6560030575643774 , 0.4769590657896229 , -0.0834912177711101 , -0.08196860132374381
1.3153668124982425 , -1.8090990690272357 , 0.08834045567273048 , -0.09541286076359336 , -0.05338716310544887
2.1088240496752606 , 0.6011366264910594 , 0.13980900191359344 , -0.12497089999950288 , 0.16587503669681825
1.2768738663210193 , -1.6999637498516578 , 0.09579184033573458 , -0.20927173237141655 , -0.054877684044280284
1.67796552406611 , 0.48195199167519376 , -0.1712667714341203 , -0.07104874841555088 , 0.03684345263451772
1.640350299452599 , -0.6730263989217729 , 0.13844937790036818 , -0.26141683906353386 , -0.13805886764614633
2.1352408137489562 , -0.16291159015600523 , 0.331795826387731 , -0.1685685479400943 , -0.045580814192338226
2.306190882816324 , 0.03534432450485346 , 0.37060073369647983 , -0.09057189515973578 , 0.02406908197033578
2.403175576898105 , 0.03302117889846892 , 0.3763391943179341 , 0.019602560696120923 , 0.051748816365023605
0.8449229190403219 , -2.908037034822547 , -0.08603073228408842 , 0.012467075914823326 , 0.08481936475649102
2.41822868830428 , 0.708234604812858 , 0.3450188694425823 , -0.20335244192620752 , -0.0006444906716568036
0.7251695369575807 , -2.7610839663431404 , -0.08235091672438144 , -0.22117719823752077 , 0.10245010203352277
2.2294478440343557 , 0.8666765504742652 , 0.12374788794647555 , -0.11819529218516928 , -0.01358962855132567
0.8745241085074819 , -2.5385904492098033 , -0.04886175916006325 , -0.1898321820084673 , 0.09338427005071867
2.288748505354936 , -0.21454037636232545 , 0.32484608813095367 , 0.021444631867812182 , -0.053511900591079145
2.5002607673871466 , 0.6195331993880925 , 0.4336226667633703 , -0.250726440910512 , 0.023679631542774495
2.222121302044353 , 0.7345211957706385 , 0.14613168962647538 , -0.1387916421007041 , 0.10128491932908057
1.9636869680849798 , -0.06520460468975903 , 0.1871121383006199 , -0.23686029805083542 , -0.04217904568894251
2.6516714344032923 , 0.5728849185277948 , 0.43882679105849587 , -0.04840815897082543 , -0.018241742801455636
2.3241783511611116 , 0.6009883165530918 , 0.2757005528808358 , -0.2036525376264611 , 0.14873252577216658
0.8575219595454545 , 0.49816921499464173 , -0.8083446329532853 , -0.09150889805418547 , -0.035784691900737485
2.5245138516985914 , 0.42748333971717156 , 0.41075343976992545 , -0.1137697976573718 , 0.1761448319731446
1.9829265914218739 , 0.6442741990888086 , -0.038847563308527844 , -0.09886597577331567 , 0.13923317059068455
1.6052582081060154 , 0.11502245655888843 , -0.1852118469140685 , -0.1162707785367638 , -0.039560995693312694
2.2818831573684157 , -0.026249550079882524 , 0.3321267291607702 , -0.12248702901755175 , -0.0029381628238612997
2.751658421704189 , 0.5291626065486532 , 0.43557916364856736 , 0.08529138658763576 , -0.033731427737348676
2.743895131565299 , 0.573252957744158 , 0.4345789961473232 , 0.042549926954222564 , -0.0662659415619216
1.1795946658373 , -2.2649580613095903 , -0.016786541511800892 , -0.03615574827043233 , 0.016588589640132243
1.3716910404763223 , -1.6786579577190934 , 0.0614835819790717 , -0.17608405960796353 , -0.05868598339054846
1.4993846646540572 , -1.438531783140145 , 0.09805779079075752 , -0.1754184026410896 , -0.10719530089724849
0.42126874820305077 , -2.814554188694945 , -0.2777435169175049 , -0.35414018837228367 , 0.02063472181523119
2.078459216802627 , 0.8932194019751625 , -0.05267190492904051 , -0.0919613925209889 , 0.06396628529356652
2.5838442179200793 , 0.5822294438101712 , 0.41287922240117714 , -0.1643027401004658 , 0.015142849187619547
0.858484974211489 , -2.412739769409734 , -0.06688179747694256 , -0.3293464920143076 , 0.07853292653073639
2.6490309916279493 , 0.6479937456062118 , 0.4243794143869223 , -0.12836075521448453 , -0.07657071792128355
2.6406402876241084 , 0.6558646857437203 , 0.4243211411797304 , -0.14321137887015667 , -0.07871197900077286
1.072558586771739 , 0.13466550018448853 , -0.608355381047592 , -0.09809292944762228 , -0.07798864055608079
1.3405216382509524 , -1.3675208574255213 , 0.03472301031796233 , -0.32945000269668606 , -0.09657444114605414
1.8325644330469066 , 1.1117292051765852 , -0.30907915349306425 , -0.05776077040741535 , 0.03445680478404261
2.639197781030482 , 0.6688128896715733 , 0.4170198552552579 , -0.16494986259093228 , -0.0872380602519835
1.4717820721800707 , 0.8804706969649825 , -0.5052642640405502 , -0.061528974383201714 , 0.44115446383477935
2.408494470409854 , 0.787206288484632 , 0.23112973323799957 , -0.20051114930348063 , -0.04627123265782931
1.5776477062851624 , -1.4170363572332587 , 0.08277842753653349 , -0.13210347178960666 , -0.12062085793436723
1.9456886131462494 , 1.0749782888940864 , -0.24071453024135916 , -0.061720924592207994 , 0.0003466306786651469
1.1191777378618728 , -2.01762746060572 , -0.026938218416451186 , -0.3042130936632143 , -0.0141488746883756
0.9998277585787873 , -2.42042087052556 , -0.07883963684685781 , -0.19316587861227538 , 0.06973236371813996
2.6315527239665344 , 0.3977390147953202 , 0.3719947118320979 , -0.03415551129797616 , 0.1527085727068464
2.537576356584689 , 0.19806216145085023 , 0.3370976281507687 , -0.026208609779935034 , 0.11381935163324908
1.2528275534840763 , -2.11998482702057 , -0.03244353657204867 , -0.0939969952538485 , -0.005016095789621384
1.021230767445526 , -2.2168086226907584 , -0.06479614273923416 , -0.3072645900367766 , 0.027321027994106552
2.5178151006119327 , 0.5268824157293238 , 0.3690088415312138 , -0.25547443362790456 , 0.10538665686548007
1.0678774218948683 , -2.1750388642067593 , -0.05593774931942429 , -0.2782541531033172 , 0.02275055431293042
0.7124222400926957 , -1.5398852602287962 , -0.48663122857710445 , -0.2089972261234019 , -0.024468615774558205
1.4971378232493173 , 1.4740635967108222 , -0.6792643943814792 , -0.07478987773083003 , -0.05571584527578375
2.498377314697444 , 0.6592257236762569 , 0.30404708896549976 , -0.2588755810014713 , 0.010984677330283113
1.8156846653982657 , 0.2950289871983084 , -0.16835404004205076 , -0.14480812441603227 , 0.0055622038988473975
0.8146836614635499 , 0.21263900631185612 , -0.8747517968943539 , -0.12645665581189044 , -0.08991973740919562
2.5546976926024545 , 0.5947783687163442 , 0.35743535633583867 , -0.28416535347910166 , 0.03164988906679142
1.7238597049891051 , 1.2372102643872054 , -0.4858471250372728 , -0.07481302520824502 , 0.007621361421511462
1.5996471526563392 , 0.276528059213737 , -0.33712783219387604 , -0.12394915681202613 , -0.03865019036880246
2.575436111169606 , 0.6029442789658918 , 0.3558333154613855 , -0.2707112296711694 , 0.014233115144008822
1.029360556022237 , 0.7069577209882707 , -0.8525197808311242 , -0.12483085725722026 , -0.022346230598981894
2.1336273815360665 , -0.5224233750880133 , 0.18951895985166325 , -0.09444251895564088 , -0.08353638181219121
2.6243426771050635 , 0.4606451922891269 , 0.3436293727429639 , -0.12976823477113558 , 0.1099022340170969
2.8224025581489376 , 0.5425175746430666 , 0.36415404238378307 , 0.04728854579861329 , -0.067194433731062
1.6170696370974487 , -1.0936758794424486 , 0.07394098428740883 , -0.35355964237727244 , -0.14004210466018288
1.2676738328247958 , -1.864710606537296 , -0.042855028132753 , -0.2899466061327151 , -0.04652255452252079
